-- phpMyAdmin SQL Dump
-- version 3.5.1
-- http://www.phpmyadmin.net
--
-- Servidor: localhost
-- Tiempo de generación: 28-04-2022 a las 00:19:17
-- Versión del servidor: 5.5.24-log
-- Versión de PHP: 5.4.3

SET SQL_MODE="NO_AUTO_VALUE_ON_ZERO";
SET time_zone = "+00:00";


/*!40101 SET @OLD_CHARACTER_SET_CLIENT=@@CHARACTER_SET_CLIENT */;
/*!40101 SET @OLD_CHARACTER_SET_RESULTS=@@CHARACTER_SET_RESULTS */;
/*!40101 SET @OLD_COLLATION_CONNECTION=@@COLLATION_CONNECTION */;
/*!40101 SET NAMES utf8 */;

--
-- Base de datos: `inventariomagestic`
--

-- --------------------------------------------------------

--
-- Estructura de tabla para la tabla `clientes`
--

CREATE TABLE IF NOT EXISTS `clientes` (
  `idclientes` int(11) NOT NULL,
  `NombreCliente` varchar(100) DEFAULT NULL,
  `ApellidoCliente` varchar(100) DEFAULT NULL,
  `CorreoCliente` varchar(50) DEFAULT NULL,
  `CelularCliente` varchar(12) DEFAULT NULL,
  PRIMARY KEY (`idclientes`)
) ENGINE=InnoDB DEFAULT CHARSET=utf8;

--
-- Volcado de datos para la tabla `clientes`
--

INSERT INTO `clientes` (`idclientes`, `NombreCliente`, `ApellidoCliente`, `CorreoCliente`, `CelularCliente`) VALUES
(1, 'Genérico', '', '', ''),
(2, 'Jenny Milena ', 'Mora Benavides', '', '3163029810'),
(3, 'Melisa', 'Valencia', 'Melisa@hotmail.com', '311111111'),
(4, 'Laura', 'Toro Treviño', 'laura@gmail.com', '3113225461'),
(5, 'Sofia ', 'Moreno', '', ''),
(6, 'Alexandra', 'Fajardo', '', ''),
(7, 'Sofía ', 'Lopez', '', '3233623300'),
(8, 'Islenis', 'Pino', 'Martinez', '310000000'),
(9, 'Diana ', 'Guerra', '', '3226269369'),
(10, 'Vale ', 'Insuasty', '', '3206442034'),
(11, 'Laura Valentina', 'Enriquez', '', '3186024671'),
(13, 'Lina Sofia Vallejo', '', '', '3185672011'),
(14, 'Juliana ', 'Paredes', '', ''),
(15, 'SOPHIA ', 'ESCOBAR', '', ''),
(16, 'KAREN', 'CALVACHE', '', ''),
(17, 'KARINA ', 'DELGADO MEZA', '', ''),
(18, 'RICARDO', 'ZAMBRANO', '', ''),
(19, 'ALEJANDRA YEPES', '', '', ''),
(20, 'CAMILA', 'DIAZ', '', ''),
(21, 'SOFIA ', 'CAICEDO', '', ''),
(22, 'ERIKA', 'ACOSTA', '', ''),
(23, 'ALEJANDRA', 'MINGAN', '', ''),
(24, 'CLAUDIA RIVERA', '', '', ''),
(25, 'SABINA', 'DIAZ', '', '3154695464'),
(26, 'JULIA', 'CUASMAYAN', '', ''),
(27, 'GINARY ', 'ANRANGO', '', ''),
(28, 'MARIA JOSE ARTEAGA', '', '', ''),
(29, 'LINA SOFIA', 'VALLEJO CERON ', '', ''),
(50, 'AMANDA ', 'ANDRADE', '', ''),
(51, 'MARIA JOSE BENAVIDES ANDRADE', '', '', ''),
(52, 'CAMILA', 'ZAMBRANO', '', ''),
(53, 'MICHELLE', 'ZAMBRANO', '', ''),
(80, 'ALEJANDRA', 'ANDRADE ', '', ''),
(76323170, 'Ricardo', 'Zambrano', 'nelsonzambranom@hotmail.com', '3207524793'),
(76323171, 'q', 'q', 'q', '312'),
(123456789, 'Armando', 'Broncas', 'armando@gmail.com', '3213213211'),
(763231701, 'Armando', 'Broncas', 'armando@gmail.com', '31111111111');

-- --------------------------------------------------------

--
-- Estructura de tabla para la tabla `compras`
--

CREATE TABLE IF NOT EXISTS `compras` (
  `idCompra` int(11) NOT NULL AUTO_INCREMENT,
  `FechaCompra` date DEFAULT NULL,
  `MontoCompra` double DEFAULT NULL,
  `proveedores_idproveedores` int(11) DEFAULT NULL,
  PRIMARY KEY (`idCompra`)
) ENGINE=InnoDB  DEFAULT CHARSET=utf8 AUTO_INCREMENT=18 ;

--
-- Volcado de datos para la tabla `compras`
--

INSERT INTO `compras` (`idCompra`, `FechaCompra`, `MontoCompra`, `proveedores_idproveedores`) VALUES
(1, '2020-05-20', 724600, 2),
(2, '2020-05-20', 623689, 3),
(3, '2020-05-25', 681419, 1),
(4, '2020-05-25', 434585, 1),
(5, '2020-05-25', 699000, 4),
(6, '2020-05-29', 757600, 4),
(7, '2020-06-13', 693637, 1),
(8, '2020-06-19', 492600, 4),
(9, '2020-07-01', 300000, 5),
(10, '2020-07-11', 746470, 6),
(11, '2020-07-30', 207500, 6),
(12, '2020-07-30', 440000, 2),
(13, '2021-04-17', 110000, 1),
(14, '2021-05-22', 110000, 1),
(15, '2021-10-06', 110000, 1),
(16, '2021-10-09', 130000, 1),
(17, '2022-04-27', 80000, 1);

-- --------------------------------------------------------

--
-- Estructura de tabla para la tabla `detallecompras`
--

CREATE TABLE IF NOT EXISTS `detallecompras` (
  `compras_idCompras` int(11) NOT NULL,
  `productos_idProductos` int(11) NOT NULL,
  `CantidadProducto` int(11) NOT NULL,
  `ValorUnitario` int(20) NOT NULL,
  `subtotal` int(20) NOT NULL
) ENGINE=InnoDB DEFAULT CHARSET=utf8;

--
-- Volcado de datos para la tabla `detallecompras`
--

INSERT INTO `detallecompras` (`compras_idCompras`, `productos_idProductos`, `CantidadProducto`, `ValorUnitario`, `subtotal`) VALUES
(1, 13, 6, 38500, 231000),
(1, 14, 24, 4800, 115200),
(1, 15, 3, 35000, 105000),
(1, 16, 18, 6500, 117000),
(1, 17, 6, 7800, 46800),
(1, 18, 6, 4500, 27000),
(1, 19, 2, 31800, 63600),
(1, 20, 2, 9500, 19000),
(2, 21, 5, 32899, 164495),
(2, 22, 3, 53198, 159594),
(2, 23, 2, 95200, 190400),
(2, 24, 1, 109200, 109200),
(3, 28, 1, 10989, 10989),
(3, 26, 1, 10989, 10989),
(3, 29, 2, 10989, 21978),
(3, 25, 4, 11476, 45904),
(3, 30, 2, 13354, 26708),
(3, 31, 1, 13354, 13354),
(3, 32, 1, 13354, 13354),
(3, 33, 1, 13354, 13354),
(3, 35, 1, 13354, 13354),
(3, 36, 2, 13215, 26430),
(3, 37, 2, 8276, 16552),
(3, 37, 3, 8276, 24828),
(3, 38, 3, 8276, 24828),
(3, 39, 3, 14235, 42705),
(3, 40, 3, 14235, 42705),
(3, 41, 2, 14235, 28470),
(3, 42, 1, 14235, 14235),
(3, 43, 1, 14235, 14235),
(3, 43, 1, 14235, 14235),
(3, 44, 2, 14235, 28470),
(3, 45, 1, 9194, 9194),
(3, 46, 2, 9194, 18388),
(3, 47, 2, 9194, 18388),
(3, 48, 1, 9194, 9194),
(3, 49, 2, 10572, 21144),
(3, 50, 1, 12728, 12728),
(3, 51, 1, 12728, 12728),
(3, 52, 6, 7303, 43818),
(3, 53, 6, 8750, 52500),
(3, 54, 4, 8915, 35660),
(4, 37, 3, 8276, 24828),
(4, 56, 2, 8276, 16552),
(4, 38, 5, 8276, 41380),
(4, 38, 2, 8276, 16552),
(4, 57, 4, 8276, 33104),
(4, 39, 2, 14235, 28470),
(4, 40, 1, 14235, 14235),
(4, 58, 2, 14235, 28470),
(4, 59, 2, 14235, 28470),
(4, 60, 2, 14235, 28470),
(4, 41, 1, 14235, 14235),
(4, 42, 1, 14235, 14235),
(4, 43, 1, 14235, 14235),
(4, 61, 2, 14235, 28470),
(4, 62, 2, 14235, 28470),
(4, 55, 3, 7303, 21909),
(4, 53, 6, 8750, 52500),
(5, 63, 4, 12600, 50400),
(5, 64, 4, 12600, 50400),
(5, 65, 3, 16200, 48600),
(5, 66, 8, 3300, 26400),
(5, 67, 2, 7200, 14400),
(5, 68, 2, 7200, 14400),
(5, 69, 2, 7200, 14400),
(5, 67, 6, 7200, 43200),
(5, 70, 4, 15000, 60000),
(5, 71, 2, 9600, 19200),
(5, 72, 2, 9600, 19200),
(5, 72, 3, 9600, 28800),
(5, 73, 1, 9600, 9600),
(5, 74, 1, 9600, 9600),
(5, 75, 2, 9600, 19200),
(5, 76, 1, 9600, 9600),
(5, 77, 2, 9900, 19800),
(5, 78, 2, 9900, 19800),
(5, 79, 1, 48000, 48000),
(5, 80, 3, 6600, 19800),
(5, 81, 4, 6600, 26400),
(5, 82, 3, 6600, 19800),
(5, 83, 1, 6600, 6600),
(5, 83, 1, 6600, 6600),
(5, 84, 4, 16200, 64800),
(5, 85, 12, 2500, 30000),
(6, 86, 6, 10800, 64800),
(6, 87, 2, 18600, 37200),
(6, 88, 2, 18600, 37200),
(6, 89, 1, 10800, 10800),
(6, 90, 1, 15000, 15000),
(6, 91, 1, 9600, 9600),
(6, 92, 1, 9600, 9600),
(6, 94, 1, 9600, 9600),
(6, 95, 1, 9600, 9600),
(6, 96, 1, 9600, 9600),
(6, 97, 2, 9600, 19200),
(6, 98, 1, 9600, 9600),
(6, 99, 1, 9600, 9600),
(6, 100, 1, 9600, 9600),
(6, 101, 1, 9600, 9600),
(6, 102, 1, 9600, 9600),
(6, 102, 1, 9600, 9600),
(6, 103, 1, 9600, 9600),
(6, 104, 1, 9600, 9600),
(6, 105, 1, 9600, 9600),
(6, 106, 1, 9600, 9600),
(6, 107, 1, 9600, 9600),
(6, 108, 1, 9600, 9600),
(6, 68, 6, 7200, 43200),
(6, 109, 6, 7200, 43200),
(6, 110, 6, 7200, 43200),
(6, 111, 6, 7200, 43200),
(6, 67, 6, 7200, 43200),
(6, 69, 6, 7200, 43200),
(6, 112, 20, 4100, 82000),
(6, 113, 1, 4950, 4950),
(6, 113, 1, 4950, 4950),
(6, 114, 1, 4950, 4950),
(6, 115, 1, 4950, 4950),
(6, 116, 1, 4950, 4950),
(6, 117, 1, 4950, 4950),
(6, 118, 1, 4950, 4950),
(6, 119, 1, 4950, 4950),
(6, 120, 1, 4950, 4950),
(6, 121, 1, 4950, 4950),
(6, 122, 1, 4950, 4950),
(6, 123, 1, 4950, 4950),
(6, 93, 1, 9600, 9600),
(7, 42, 2, 14235, 28470),
(7, 44, 2, 14235, 28470),
(7, 124, 1, 14235, 14235),
(7, 125, 1, 14235, 14235),
(7, 41, 1, 14235, 14235),
(7, 43, 1, 14235, 14235),
(7, 126, 2, 14235, 28470),
(7, 127, 2, 14235, 28470),
(7, 53, 30, 8750, 262500),
(7, 128, 1, 10572, 10572),
(7, 129, 2, 7303, 14606),
(7, 55, 1, 7303, 7303),
(7, 130, 2, 7303, 14606),
(7, 52, 2, 7303, 14606),
(7, 131, 20, 8276, 165520),
(7, 57, 1, 8276, 8276),
(7, 56, 3, 8276, 24828),
(8, 89, 1, 10800, 10800),
(8, 89, 1, 10800, 10800),
(8, 89, 1, 10800, 10800),
(8, 133, 2, 24000, 48000),
(8, 134, 2, 7200, 14400),
(8, 136, 2, 7200, 14400),
(8, 138, 2, 7200, 14400),
(8, 139, 2, 7200, 14400),
(8, 140, 2, 7200, 14400),
(8, 141, 2, 7200, 14400),
(8, 142, 1, 6600, 6600),
(8, 86, 3, 10800, 32400),
(8, 143, 2, 19200, 38400),
(8, 144, 3, 21000, 63000),
(8, 145, 3, 15000, 45000),
(8, 90, 2, 15000, 30000),
(8, 70, 1, 15000, 15000),
(8, 146, 6, 3600, 21600),
(8, 147, 6, 2200, 13200),
(8, 148, 1, 3000, 3000),
(8, 149, 1, 5400, 5400),
(8, 150, 1, 5400, 5400),
(8, 151, 2, 5400, 10800),
(8, 85, 12, 3000, 36000),
(9, 152, 3, 14400, 43200),
(9, 153, 1, 14400, 14400),
(9, 153, 1, 14400, 14400),
(9, 154, 4, 4200, 16800),
(9, 155, 3, 16800, 50400),
(9, 156, 1, 12000, 12000),
(9, 157, 1, 10800, 10800),
(9, 158, 3, 24000, 72000),
(9, 159, 2, 33000, 66000),
(10, 86, 4, 13000, 52000),
(10, 143, 4, 18150, 72600),
(10, 161, 4, 3900, 15600),
(10, 162, 1, 8900, 8900),
(10, 163, 2, 5400, 10800),
(10, 164, 4, 7500, 30000),
(10, 165, 4, 3900, 15600),
(10, 166, 9, 12500, 112500),
(10, 90, 4, 15000, 60000),
(10, 70, 4, 15000, 60000),
(10, 167, 5, 7200, 36000),
(10, 168, 3, 7200, 21600),
(10, 169, 4, 7200, 28800),
(10, 170, 1, 24900, 24900),
(10, 171, 1, 5500, 5500),
(10, 172, 3, 15600, 46800),
(10, 173, 2, 7800, 15600),
(10, 174, 1, 7800, 7800),
(10, 175, 1, 7800, 7800),
(10, 176, 1, 7800, 7800),
(10, 177, 2, 9000, 18000),
(10, 178, 2, 6960, 13920),
(10, 179, 2, 6500, 13000),
(10, 180, 2, 10000, 20000),
(10, 14, 3, 5650, 16950),
(10, 176, 1, 7800, 7800),
(10, 181, 4, 1500, 6000),
(10, 160, 2, 5100, 10200),
(11, 89, 3, 11900, 35700),
(11, 182, 3, 14400, 43200),
(11, 183, 1, 13500, 13500),
(11, 184, 4, 2000, 8000),
(11, 172, 1, 18200, 18200),
(11, 185, 3, 6300, 18900),
(11, 186, 25, 2800, 70000),
(12, 163, 6, 4800, 28800),
(12, 162, 6, 7300, 43800),
(12, 187, 24, 2300, 55200),
(12, 188, 2, 14500, 29000),
(12, 189, 24, 6800, 163200),
(12, 190, 24, 5000, 120000),
(13, 17, 5, 10000, 50000),
(13, 15, 3, 20000, 60000),
(14, 20, 10, 10000, 100000),
(14, 13, 5, 1000, 5000),
(14, 17, 10, 500, 5000),
(15, 13, 5, 10000, 50000),
(15, 18, 6, 10000, 60000),
(16, 19, 10, 10000, 100000),
(16, 19, 15, 2000, 30000),
(17, 16, 10, 2000, 20000),
(17, 18, 20, 3000, 60000);

-- --------------------------------------------------------

--
-- Estructura de tabla para la tabla `detalleventas`
--

CREATE TABLE IF NOT EXISTS `detalleventas` (
  `Ventas_idVentas` int(11) NOT NULL,
  `Productos_idProductos` int(11) NOT NULL,
  `CantidadProducto` int(11) DEFAULT NULL,
  `ValorUnitario` int(20) NOT NULL,
  `SubTotal` int(20) NOT NULL,
  PRIMARY KEY (`Ventas_idVentas`,`Productos_idProductos`),
  KEY `fk_Ventas_has_Productos_Productos1_idx` (`Productos_idProductos`),
  KEY `fk_Ventas_has_Productos_Ventas1_idx` (`Ventas_idVentas`)
) ENGINE=InnoDB DEFAULT CHARSET=utf8;

--
-- Volcado de datos para la tabla `detalleventas`
--

INSERT INTO `detalleventas` (`Ventas_idVentas`, `Productos_idProductos`, `CantidadProducto`, `ValorUnitario`, `SubTotal`) VALUES
(1, 14, 1, 12000, 12000),
(1, 15, 1, 35000, 35000),
(1, 18, 1, 10000, 10000),
(1, 20, 1, 10000, 10000),
(1, 25, 1, 17000, 17000),
(1, 37, 1, 12000, 12000),
(1, 38, 1, 12000, 12000),
(1, 39, 1, 20000, 20000),
(1, 41, 1, 20000, 20000),
(1, 43, 1, 20000, 20000),
(1, 47, 1, 15000, 15000),
(1, 49, 1, 17000, 17000),
(1, 52, 1, 11000, 11000),
(1, 53, 1, 14000, 14000),
(1, 54, 1, 13000, 13000),
(1, 63, 1, 22000, 22000),
(1, 64, 1, 22000, 22000),
(1, 66, 1, 8000, 8000),
(1, 67, 1, 14000, 14000),
(1, 68, 1, 14000, 14000),
(1, 69, 1, 14000, 14000),
(1, 70, 1, 25000, 25000),
(1, 72, 3, 15000, 45000),
(1, 85, 1, 5000, 5000),
(2, 13, 1, 48000, 48000),
(2, 38, 4, 12000, 48000),
(2, 52, 1, 11000, 11000),
(2, 64, 1, 22000, 22000),
(3, 31, 1, 17000, 17000),
(3, 52, 1, 11000, 11000),
(3, 65, 1, 26000, 26000),
(4, 82, 2, 10000, 20000),
(5, 44, 1, 20000, 20000),
(5, 58, 1, 20000, 20000),
(5, 64, 1, 22000, 22000),
(6, 13, 1, 70000, 70000),
(6, 16, 1, 12000, 12000),
(6, 66, 1, 8000, 8000),
(6, 67, 1, 14000, 14000),
(6, 85, 1, 5000, 5000),
(7, 53, 9, 14000, 123000),
(8, 25, 2, 16000, 32000),
(8, 37, 3, 11000, 33000),
(8, 52, 1, 10000, 10000),
(8, 55, 1, 10000, 10000),
(8, 57, 1, 11000, 11000),
(8, 65, 1, 25000, 25000),
(8, 66, 2, 7000, 14000),
(8, 67, 4, 14000, 56000),
(8, 70, 1, 25000, 25000),
(8, 72, 1, 15000, 15000),
(8, 81, 1, 10000, 10000),
(9, 56, 1, 12000, 12000),
(9, 63, 1, 22000, 22000),
(9, 67, 1, 14000, 14000),
(10, 14, 1, 12000, 12000),
(10, 18, 1, 10000, 10000),
(10, 37, 1, 12000, 12000),
(11, 13, 1, 38500, 38500),
(12, 14, 1, 12000, 12000),
(12, 66, 1, 8000, 8000),
(12, 111, 1, 14000, 14000),
(13, 70, 1, 15000, 15000),
(13, 89, 1, 10800, 10800),
(13, 112, 1, 4200, 4200),
(13, 115, 1, 5000, 5000),
(13, 119, 1, 5000, 5000),
(13, 123, 1, 5000, 5000),
(14, 112, 1, 8000, 8000),
(15, 40, 1, 20000, 20000),
(15, 44, 1, 20000, 20000),
(15, 70, 1, 25000, 25000),
(16, 18, 1, 10000, 10000),
(16, 62, 1, 20000, 20000),
(17, 69, 1, 16000, 16000),
(17, 86, 1, 18000, 18000),
(17, 94, 1, 16000, 16000),
(18, 19, 1, 55000, 55000),
(18, 85, 1, 5000, 5000),
(18, 88, 1, 29000, 29000),
(19, 84, 1, 16200, 16200),
(20, 13, 1, 65000, 65000),
(21, 14, 1, 12000, 12000),
(21, 80, 1, 10000, 10000),
(21, 85, 1, 5000, 5000),
(21, 109, 1, 14000, 14000),
(22, 30, 1, 19000, 19000),
(22, 41, 1, 20000, 20000),
(22, 42, 1, 20000, 20000),
(22, 43, 1, 20000, 20000),
(22, 53, 1, 14000, 14000),
(22, 57, 1, 12000, 12000),
(22, 85, 1, 2500, 2500),
(22, 101, 1, 16000, 16000),
(22, 112, 1, 7000, 7000),
(23, 19, 1, 55000, 55000),
(24, 63, 1, 22000, 22000),
(25, 86, 1, 18000, 18000),
(26, 52, 1, 11000, 11000),
(27, 16, 1, 12000, 12000),
(27, 53, 1, 14000, 14000),
(27, 66, 1, 8000, 8000),
(27, 67, 1, 14000, 14000),
(27, 74, 1, 15000, 15000),
(28, 86, 1, 18000, 18000),
(29, 112, 1, 7000, 7000),
(30, 54, 1, 13000, 13000),
(31, 66, 1, 8000, 8000),
(31, 85, 2, 5000, 10000),
(32, 39, 1, 20000, 20000),
(32, 55, 1, 11000, 11000),
(33, 14, 1, 12000, 12000),
(34, 23, 1, 100000, 100000),
(35, 64, 1, 12600, 12600),
(36, 28, 1, 17000, 17000),
(37, 84, 1, 27000, 27000),
(37, 112, 1, 7000, 7000),
(38, 112, 1, 6000, 6000),
(39, 49, 1, 17000, 17000),
(39, 81, 1, 10000, 10000),
(39, 85, 1, 5000, 5000),
(40, 53, 1, 14000, 14000),
(40, 72, 1, 15000, 15000),
(41, 16, 1, 10000, 10000),
(41, 84, 1, 26000, 26000),
(42, 16, 1, 12000, 12000),
(43, 55, 1, 11000, 11000),
(43, 61, 1, 20000, 20000),
(44, 131, 1, 10000, 10000),
(45, 37, 2, 11000, 22000),
(45, 45, 1, 11000, 11000),
(45, 47, 1, 11000, 11000),
(45, 53, 1, 11000, 11000),
(45, 67, 1, 9000, 9000),
(45, 112, 2, 7000, 14000),
(45, 131, 2, 11000, 22000),
(46, 86, 1, 18000, 18000),
(46, 90, 1, 25000, 25000),
(46, 131, 1, 12000, 12000),
(47, 80, 1, 8000, 8000),
(48, 42, 1, 20000, 20000),
(48, 43, 1, 20000, 20000),
(48, 56, 1, 12000, 12000),
(48, 131, 1, 12000, 12000),
(49, 14, 1, 12000, 12000),
(49, 53, 1, 14000, 14000),
(49, 130, 1, 11000, 11000),
(50, 53, 1, 14000, 14000),
(51, 131, 1, 12000, 12000),
(52, 53, 1, 14000, 14000),
(53, 38, 1, 12000, 12000),
(53, 46, 1, 15000, 15000),
(53, 53, 1, 14000, 14000),
(53, 86, 1, 18000, 18000),
(53, 109, 1, 14000, 14000),
(53, 131, 2, 12000, 24000),
(54, 38, 1, 12000, 12000),
(54, 53, 3, 14000, 42000),
(54, 131, 1, 12000, 12000),
(55, 60, 1, 20000, 20000),
(56, 147, 1, 5000, 5000),
(57, 90, 1, 25000, 25000),
(58, 55, 1, 11000, 11000),
(59, 86, 1, 18000, 18000),
(59, 90, 1, 25000, 25000),
(59, 131, 1, 12000, 12000),
(59, 144, 1, 35000, 35000),
(59, 147, 1, 5000, 5000),
(60, 14, 1, 12000, 12000),
(60, 18, 1, 10000, 10000),
(60, 58, 1, 20000, 20000),
(60, 70, 1, 25000, 25000),
(60, 85, 1, 6000, 6000),
(60, 95, 1, 16000, 16000),
(60, 112, 1, 7000, 7000),
(60, 138, 1, 14000, 14000),
(60, 140, 1, 14000, 14000),
(60, 143, 1, 35000, 35000),
(60, 145, 1, 15000, 15000),
(60, 146, 1, 8000, 8000),
(61, 142, 1, 6600, 6600),
(61, 148, 1, 3000, 3000),
(62, 86, 1, 18000, 18000),
(62, 147, 1, 5000, 5000),
(63, 37, 1, 4000, 4000),
(64, 143, 1, 35000, 35000),
(65, 21, 1, 40000, 40000),
(66, 100, 1, 16000, 16000),
(66, 144, 1, 35000, 35000),
(67, 21, 1, 41000, 41000),
(68, 81, 1, 10000, 10000),
(68, 140, 1, 14000, 14000),
(68, 158, 1, 32000, 32000),
(69, 112, 1, 7000, 7000),
(69, 146, 1, 8000, 8000),
(70, 150, 1, 10000, 10000),
(70, 151, 1, 10000, 10000),
(71, 109, 1, 14000, 14000),
(72, 109, 1, 14000, 14000),
(72, 112, 1, 7000, 7000),
(73, 110, 1, 14000, 14000),
(74, 131, 1, 12000, 12000),
(75, 86, 1, 18000, 18000),
(75, 92, 1, 15000, 15000),
(75, 156, 1, 25000, 25000),
(76, 131, 1, 12000, 12000),
(77, 40, 1, 19000, 19000),
(77, 52, 1, 10000, 10000),
(78, 46, 1, 17000, 17000),
(78, 86, 1, 18000, 18000),
(78, 151, 1, 9000, 9000),
(78, 155, 1, 26000, 26000),
(79, 81, 1, 10000, 10000),
(79, 130, 1, 10000, 10000),
(79, 131, 1, 12000, 12000),
(79, 147, 1, 5000, 5000),
(80, 14, 1, 10000, 10000),
(80, 144, 1, 30000, 30000),
(80, 146, 1, 6000, 6000),
(81, 25, 1, 16000, 16000),
(81, 56, 1, 12000, 12000),
(81, 131, 1, 12000, 12000),
(82, 164, 1, 12000, 12000),
(82, 166, 1, 22000, 22000),
(83, 161, 1, 4000, 4000),
(83, 165, 1, 4000, 4000),
(84, 86, 1, 18000, 18000),
(84, 89, 1, 18000, 18000),
(85, 22, 1, 70000, 70000),
(85, 53, 1, 13000, 13000),
(85, 60, 1, 19000, 19000),
(85, 70, 1, 24000, 24000),
(85, 86, 1, 17000, 17000),
(85, 131, 1, 11000, 11000),
(85, 161, 1, 6000, 6000),
(85, 176, 1, 18000, 18000),
(85, 178, 1, 10000, 10000),
(85, 180, 1, 17000, 17000),
(86, 57, 1, 12000, 12000),
(86, 85, 1, 6000, 6000),
(86, 162, 1, 8900, 8900),
(86, 163, 1, 5400, 5400),
(86, 172, 1, 15600, 15600),
(87, 20, 1, 16000, 16000),
(87, 141, 1, 14000, 14000),
(87, 174, 1, 18000, 18000),
(88, 98, 1, 16000, 16000),
(89, 163, 1, 15000, 15000),
(90, 56, 1, 12000, 12000),
(90, 146, 2, 8000, 16000),
(90, 161, 1, 7000, 7000),
(91, 85, 1, 5000, 5000),
(91, 158, 1, 32000, 32000),
(91, 164, 1, 11000, 11000),
(91, 166, 1, 24000, 24000),
(91, 179, 1, 10000, 10000),
(92, 91, 1, 16000, 16000),
(93, 158, 1, 32000, 32000),
(94, 139, 1, 14000, 14000),
(94, 161, 1, 7000, 7000),
(94, 165, 1, 7000, 7000),
(95, 147, 1, 4000, 4000),
(95, 176, 1, 16000, 16000),
(96, 16, 2, 6500, 13000),
(96, 113, 2, 4950, 9900),
(97, 57, 1, 12000, 12000),
(97, 112, 2, 7000, 14000),
(98, 90, 1, 25000, 25000),
(98, 114, 1, 10000, 10000),
(98, 117, 1, 10000, 10000),
(98, 131, 1, 12000, 12000),
(98, 143, 1, 35000, 35000),
(98, 147, 1, 5000, 5000),
(98, 159, 1, 45000, 45000),
(98, 165, 2, 7500, 15000),
(98, 180, 1, 18000, 18000),
(99, 13, 1, 60000, 60000),
(99, 14, 1, 12000, 12000),
(99, 16, 1, 10000, 10000),
(99, 37, 2, 12000, 24000),
(99, 38, 3, 12000, 36000),
(99, 40, 1, 20000, 20000),
(99, 53, 1, 13000, 13000),
(99, 54, 1, 13000, 13000),
(99, 63, 1, 10000, 10000),
(99, 66, 1, 3000, 3000),
(99, 79, 1, 50000, 50000),
(99, 80, 1, 10000, 10000),
(99, 84, 1, 17000, 17000),
(99, 85, 1, 5000, 5000),
(99, 89, 1, 18000, 18000),
(99, 96, 1, 8000, 8000),
(99, 112, 1, 7000, 7000),
(99, 131, 3, 12000, 36000),
(99, 154, 1, 4000, 4000),
(99, 167, 1, 12000, 12000),
(99, 175, 1, 15000, 15000),
(99, 177, 1, 14000, 14000),
(99, 181, 1, 3000, 3000),
(100, 183, 1, 13500, 13500),
(101, 21, 1, 40000, 40000),
(101, 85, 2, 4000, 8000),
(101, 163, 1, 10000, 10000),
(101, 172, 1, 23000, 23000),
(101, 177, 1, 12000, 12000),
(101, 187, 3, 5000, 15000),
(102, 14, 1, 11000, 11000),
(102, 54, 1, 12000, 12000),
(102, 90, 1, 24000, 24000),
(102, 131, 1, 11000, 11000),
(102, 161, 1, 6000, 6000),
(102, 164, 2, 11000, 22000),
(102, 173, 1, 18000, 18000),
(103, 85, 1, 6000, 6000),
(103, 161, 1, 7000, 7000),
(103, 168, 1, 12000, 12000),
(104, 162, 1, 12000, 12000),
(105, 188, 1, 19000, 19000),
(106, 53, 1, 8800, 8800),
(107, 171, 1, 14000, 14000),
(108, 163, 1, 15000, 15000),
(108, 172, 1, 27000, 27000),
(109, 68, 1, 14000, 14000),
(109, 99, 1, 15000, 15000),
(109, 111, 1, 14000, 14000),
(109, 143, 1, 35000, 35000),
(109, 155, 1, 28000, 28000),
(109, 188, 1, 24000, 24000),
(110, 182, 1, 14000, 14000),
(111, 173, 1, 15000, 15000),
(111, 182, 1, 15000, 15000),
(112, 18, 1, 10000, 10000),
(112, 26, 1, 17000, 17000),
(112, 68, 1, 14000, 14000),
(112, 87, 1, 29000, 29000),
(113, 86, 1, 21000, 21000),
(113, 163, 1, 15000, 15000),
(114, 14, 1, 12000, 12000),
(114, 53, 1, 14000, 14000),
(114, 70, 1, 25000, 25000),
(115, 173, 1, 8000, 8000),
(116, 29, 1, 15000, 15000),
(116, 42, 1, 20000, 20000),
(117, 189, 24, 10000, 240000),
(118, 14, 1, 12000, 12000),
(118, 22, 1, 75000, 75000),
(118, 70, 1, 25000, 25000),
(118, 87, 1, 29000, 29000),
(118, 88, 1, 29000, 29000),
(118, 90, 1, 25000, 25000),
(118, 178, 1, 10000, 10000),
(119, 48, 1, 15000, 15000),
(120, 109, 1, 14000, 14000),
(120, 172, 1, 26000, 26000),
(121, 36, 1, 17000, 17000),
(121, 38, 1, 12000, 12000),
(121, 53, 1, 14000, 14000),
(121, 77, 1, 17000, 17000),
(121, 110, 1, 14000, 14000),
(121, 112, 1, 7000, 7000),
(121, 134, 1, 14000, 14000),
(121, 168, 1, 12000, 12000),
(122, 15, 2, 5000, 10000);

-- --------------------------------------------------------

--
-- Estructura de tabla para la tabla `facturas`
--

CREATE TABLE IF NOT EXISTS `facturas` (
  `idFacturas` int(11) NOT NULL AUTO_INCREMENT,
  `FechaFactura` date DEFAULT NULL,
  `MontoFactura` double DEFAULT NULL,
  `Ventas_idVentas` int(11) NOT NULL,
  `clientes_idclientes` int(11) NOT NULL,
  PRIMARY KEY (`idFacturas`),
  KEY `fk_Facturas_Ventas_idx` (`Ventas_idVentas`),
  KEY `fk_Facturas_clientes1_idx` (`clientes_idclientes`)
) ENGINE=InnoDB  DEFAULT CHARSET=utf8 AUTO_INCREMENT=123 ;

--
-- Volcado de datos para la tabla `facturas`
--

INSERT INTO `facturas` (`idFacturas`, `FechaFactura`, `MontoFactura`, `Ventas_idVentas`, `clientes_idclientes`) VALUES
(1, '2020-05-25', 734000, 1, 1),
(2, '2020-05-25', 129000, 2, 1),
(3, '2020-05-25', 54000, 3, 1),
(4, '2020-05-25', 20000, 4, 1),
(5, '2020-05-25', 62000, 5, 1),
(6, '2020-05-25', 109000, 6, 1),
(7, '2020-05-25', 126000, 7, 1),
(8, '2020-05-25', 241000, 8, 1),
(9, '2020-05-27', 48000, 9, 1),
(10, '2020-05-27', 34000, 10, 1),
(11, '2020-05-27', 38500, 11, 1),
(12, '2020-05-29', 34000, 12, 1),
(13, '2020-05-29', 45000, 13, 1),
(14, '2020-05-29', 8000, 14, 1),
(15, '2020-05-29', 65000, 15, 1),
(16, '2020-05-30', 30000, 16, 2),
(17, '2020-05-30', 50000, 17, 3),
(18, '2020-05-31', 89000, 18, 4),
(19, '2020-05-31', 16200, 19, 1),
(20, '2020-06-01', 65000, 20, 5),
(21, '2020-06-02', 41000, 21, 1),
(22, '2020-06-02', 130500, 22, 6),
(23, '2020-06-02', 55000, 23, 7),
(24, '2020-06-04', 22000, 24, 1),
(25, '2020-06-04', 18000, 25, 8),
(26, '2020-06-04', 11000, 26, 1),
(27, '2020-06-05', 75000, 27, 1),
(28, '2020-06-06', 18000, 28, 9),
(29, '2020-06-06', 7000, 29, 10),
(30, '2020-06-06', 13000, 30, 9),
(31, '2020-06-07', 18000, 31, 11),
(32, '2020-06-08', 31000, 32, 1),
(33, '2020-06-08', 12000, 33, 1),
(34, '2020-06-08', 100000, 34, 1),
(35, '2020-06-08', 12600, 35, 1),
(36, '2020-06-09', 17000, 36, 1),
(37, '2020-06-10', 34000, 37, 13),
(38, '2020-06-10', 6000, 38, 14),
(39, '2020-06-12', 32000, 39, 15),
(40, '2020-06-12', 29000, 40, 16),
(41, '2020-06-13', 36000, 41, 17),
(42, '2020-06-13', 12000, 42, 1),
(43, '2020-06-13', 31000, 43, 1),
(44, '2020-06-13', 10000, 44, 15),
(45, '2020-06-13', 136000, 45, 18),
(46, '2020-06-13', 55000, 46, 1),
(47, '2020-06-14', 8000, 47, 16),
(48, '2020-06-14', 64000, 48, 19),
(49, '2020-06-14', 37000, 49, 20),
(50, '2020-06-15', 14000, 50, 21),
(51, '2020-06-15', 12000, 51, 22),
(52, '2020-06-15', 14000, 52, 1),
(53, '2020-06-18', 109000, 53, 50),
(54, '2020-06-20', 66000, 54, 50),
(55, '2020-06-22', 20000, 55, 1),
(56, '2020-06-24', 5000, 56, 50),
(57, '2020-06-24', 25000, 57, 51),
(58, '2020-06-24', 11000, 58, 23),
(59, '2020-06-24', 95000, 59, 50),
(60, '2020-06-24', 182000, 60, 80),
(61, '2020-06-24', 9600, 61, 52),
(62, '2020-06-26', 23000, 62, 50),
(63, '2020-06-26', 4000, 63, 18),
(64, '2020-06-28', 35000, 64, 24),
(65, '2020-06-28', 40000, 65, 50),
(66, '2020-06-28', 51000, 66, 25),
(67, '2020-06-30', 41000, 67, 1),
(68, '2020-07-01', 56000, 68, 26),
(69, '2020-07-02', 15000, 69, 50),
(70, '2020-07-02', 20000, 70, 53),
(71, '2020-07-03', 14000, 71, 50),
(72, '2020-07-03', 21000, 72, 52),
(73, '2020-07-04', 14000, 73, 53),
(74, '2020-07-04', 12000, 74, 50),
(75, '2020-07-05', 58000, 75, 52),
(76, '2020-07-06', 12000, 76, 50),
(77, '2020-07-08', 29000, 77, 50),
(78, '2020-07-08', 70000, 78, 50),
(79, '2020-07-11', 37000, 79, 50),
(80, '2020-07-11', 46000, 80, 52),
(81, '2020-07-11', 40000, 81, 50),
(82, '2020-07-12', 34000, 82, 50),
(83, '2020-07-12', 8000, 83, 53),
(84, '2020-07-13', 36000, 84, 50),
(85, '2020-07-14', 205000, 85, 27),
(86, '2020-07-14', 47900, 86, 80),
(87, '2020-07-14', 48000, 87, 52),
(88, '2020-07-17', 16000, 88, 50),
(89, '2020-07-17', 15000, 89, 53),
(90, '2020-07-17', 42000, 90, 50),
(91, '2020-07-20', 82000, 91, 52),
(92, '2020-07-21', 16000, 92, 50),
(93, '2020-07-21', 32000, 93, 52),
(94, '2020-07-21', 28000, 94, 52),
(95, '2020-07-21', 20000, 95, 80),
(96, '2020-07-21', 22900, 96, 52),
(97, '2020-07-22', 26000, 97, 50),
(98, '2020-07-23', 175000, 98, 50),
(99, '2020-07-28', 424000, 99, 1),
(100, '2020-07-30', 13500, 100, 52),
(101, '2020-07-30', 108000, 101, 28),
(102, '2020-07-30', 115000, 102, 50),
(103, '2020-07-30', 25000, 103, 29),
(104, '2020-07-31', 12000, 104, 50),
(105, '2020-07-31', 19000, 105, 52),
(106, '2020-07-31', 8800, 106, 52),
(107, '2020-08-05', 14000, 107, 50),
(108, '2020-08-06', 42000, 108, 52),
(109, '2020-08-06', 130000, 109, 50),
(110, '2020-08-14', 14000, 110, 52),
(111, '2020-08-14', 30000, 111, 51),
(112, '2020-08-14', 70000, 112, 50),
(113, '2020-08-21', 36000, 113, 52),
(114, '2020-08-25', 51000, 114, 50),
(115, '2020-09-01', 8000, 115, 52),
(116, '2020-09-01', 35000, 116, 52),
(117, '2020-09-01', 240000, 117, 52),
(118, '2020-09-06', 205000, 118, 50),
(119, '2020-09-06', 15000, 119, 50),
(120, '2020-09-12', 40000, 120, 50),
(121, '2020-09-12', 107000, 121, 50),
(122, '2021-04-17', 24000, 122, 76323170);

-- --------------------------------------------------------

--
-- Estructura de tabla para la tabla `facturascompra`
--

CREATE TABLE IF NOT EXISTS `facturascompra` (
  `idFacturasC` int(11) NOT NULL AUTO_INCREMENT,
  `FechaFacturaC` date DEFAULT NULL,
  `MontoFacturaC` double DEFAULT NULL,
  `Compras_idCompra` int(11) DEFAULT NULL,
  `proveedores_idProveedor` int(11) NOT NULL,
  PRIMARY KEY (`idFacturasC`)
) ENGINE=InnoDB  DEFAULT CHARSET=utf8 AUTO_INCREMENT=18 ;

--
-- Volcado de datos para la tabla `facturascompra`
--

INSERT INTO `facturascompra` (`idFacturasC`, `FechaFacturaC`, `MontoFacturaC`, `Compras_idCompra`, `proveedores_idProveedor`) VALUES
(1, '2020-05-20', 724600, 1, 2),
(2, '2020-05-20', 623689, 2, 3),
(3, '2020-05-25', 681419, 3, 1),
(4, '2020-05-25', 434585, 4, 1),
(5, '2020-05-25', 699000, 5, 4),
(6, '2020-05-29', 757600, 6, 4),
(7, '2020-06-13', 693637, 7, 1),
(8, '2020-06-19', 492600, 8, 4),
(9, '2020-07-01', 300000, 9, 5),
(10, '2020-07-11', 746470, 10, 6),
(11, '2020-07-30', 207500, 11, 6),
(12, '2020-07-30', 440000, 12, 2),
(13, '2021-04-17', 110000, 13, 1),
(14, '2021-05-22', 110000, 14, 1),
(15, '2021-10-06', 110000, 15, 1),
(16, '2021-10-09', 130000, 16, 1),
(17, '2022-04-27', 80000, 17, 1);

-- --------------------------------------------------------

--
-- Estructura de tabla para la tabla `gastos`
--

CREATE TABLE IF NOT EXISTS `gastos` (
  `id` int(11) NOT NULL AUTO_INCREMENT,
  `fecha` date NOT NULL,
  `descripcion` varchar(40) NOT NULL,
  `valor` double NOT NULL,
  `Responsable` varchar(25) NOT NULL,
  PRIMARY KEY (`id`)
) ENGINE=InnoDB  DEFAULT CHARSET=utf8 AUTO_INCREMENT=20 ;

--
-- Volcado de datos para la tabla `gastos`
--

INSERT INTO `gastos` (`id`, `fecha`, `descripcion`, `valor`, `Responsable`) VALUES
(1, '2020-05-12', 'BOLSAS PLASTICAS', 5000, 'CAMILA'),
(2, '2020-05-12', 'PAGO ENVÍO ENGOL', 42500, 'CAMILA'),
(3, '2020-05-15', 'PAPEL AZUCAR', 2000, 'CAMILA'),
(4, '2020-05-16', 'ENVÍO A SAMANIEGO', 2000, 'CAMILA'),
(5, '2020-05-16', 'ENVIO A BOGOTA', 3000, 'CAMILA'),
(6, '2020-05-27', 'Premio Paleta Engol a Laura Toro', 38500, 'Camila Zambrano'),
(7, '2020-05-29', 'PAGO ENVIO DESERT', 15000, 'CAMILA ZAMBRANO'),
(8, '2020-05-31', 'OBSEQUIO CHEEK PLAY RUBY ROSE ', 16200, 'CAMILA ZAMBRANO'),
(9, '2020-06-02', 'OBSEQUIO BEAUTY BLENDER X', 2500, 'CAMILA ZAMBRANO'),
(10, '2020-06-08', 'OBSEQUIO SOMBRA AMAZING LIVE', 12600, 'CAMILA ZAMBRANO'),
(11, '2020-06-24', 'DOMICILIO-GASOLINA MAYO JUNIO ', 50000, 'CAMILA ZAMBRANO'),
(12, '2020-07-03', 'PAGO ENVIO MIIIS', 17500, 'CAMILA ZAMBRANO '),
(13, '2020-07-11', 'PUBLICIDAD ', 9500, 'CAMILA ZAMBRANO'),
(14, '2020-07-13', 'OBSEQUIO MARIA DEL MAR', 20100, 'CAMILA ZAMBRANO'),
(15, '2020-07-13', 'OBSEQUIO PATROCINIO GABY ', 12150, 'CAMILA ZAMBRANO '),
(16, '2020-07-20', 'REBAJA PORQUE NUNCA LLEGO TRANSACCION', 3000, 'CAMILA'),
(17, '2020-07-21', 'INTERES TRANSACCIONES', 5500, 'CAMILA'),
(18, '2020-07-21', 'SORTEO NATALIA', 22900, 'CAMILA'),
(19, '2020-07-28', 'PAGO ENVIOS ', 31000, 'CAMILA ');

-- --------------------------------------------------------

--
-- Estructura de tabla para la tabla `productos`
--

CREATE TABLE IF NOT EXISTS `productos` (
  `idProductos` int(11) NOT NULL AUTO_INCREMENT,
  `DescripcionProducto` varchar(200) DEFAULT NULL,
  `ClaveProducto` varchar(45) DEFAULT NULL,
  `CodigoBarras` varchar(45) DEFAULT NULL,
  PRIMARY KEY (`idProductos`)
) ENGINE=InnoDB  DEFAULT CHARSET=utf8 AUTO_INCREMENT=191 ;

--
-- Volcado de datos para la tabla `productos`
--

INSERT INTO `productos` (`idProductos`, `DescripcionProducto`, `ClaveProducto`, `CodigoBarras`) VALUES
(13, 'SOMBRA CARTAGENA 65 PRO', 'SO1909', '6930249960534'),
(14, 'CORRECTORES LIQUIDOS - L663', 'CL-22', '6930249939530'),
(15, 'BROCHAS/PINCELES JUGX8 L725', 'BRO101', '2019071800011'),
(16, 'BROCHA BROCHON SINT/PLAST L693', 'AC-B1901', '716189019015'),
(17, 'BROCHON EN SINTETICO L725', 'BRO73', '8871570628886'),
(18, 'BROCHA RETRACTIL OUZHIMEI-L674', 'M501', '6985268552222'),
(19, 'CARTERA DE BROCHAS L675', 'AC-B1906', 'AC-B1906'),
(20, 'COSMETIQUERA X3 L562', 'AC-C001', 'AC-C001'),
(21, 'EYE BRUSHES KIT LULA X 10 PCS', 'KL2', 'KL2'),
(22, 'Z KIT BROCHAS MINI GOLDEN ROSE', 'K6', '6926549414266'),
(23, 'KIT DREAMLAND X 6 PCS', 'K13', '6925457868543'),
(24, 'Z KIT ORO ROSA X 12', 'K8', '6926549414280'),
(25, 'POLVO COMPACTO MX AME', 'BEIGE', '606110956482'),
(26, 'POLVO COMPACTO LS AME', 'SUNNY 02', '7708304270657'),
(28, 'POLVO COMPACTO LS AME', 'SAND 01', '7708304270640'),
(29, 'POLVO COMPACTO LS AME', 'SOLEIL 04', '7708304270671'),
(30, 'BASE MAQUILLAJE COMPACTA AME', 'SAND 01', '7708304270718'),
(31, 'BASE MAQUILLAJE COMPACTA AME', 'SUNNY 02', '7708304270725'),
(32, 'BASE MAQUILLAJE COMPACTA AME', 'TAN 03', '7708304270732'),
(33, 'BASE MAQUILLAJE COMPACTA AME', 'SOLEIL 04', '7708304270749'),
(35, 'BASE MAQUILLAJE COMPACTA AME', 'DARK 05', '7708304270756'),
(36, 'AGUA MICELAR AME', 'MICELAR', '606110956109'),
(37, 'LABIAL LONG LASTING SEMIMATE AME ', 'CHERRY BOOM 01', '7708304269606'),
(38, 'LABIAL LONG LASTING SEMIMATE AME', 'LOVE SHOT 04', '7708304269637'),
(39, 'LABIAL LIQUIDO ULTRAMATE', 'SCARLET 01', '7709503193853'),
(40, 'LABIAL LIQUIDO ULTRAMATE', 'BOHEMIAN 02', '7709252206767'),
(41, 'LABIAL LIQUIDO ULTRAMATE', 'AMANDA', '606110955966'),
(42, 'LABIAL LIQUIDO ULTRAMATE', 'LIA 08', '606110955973'),
(43, 'LABIAL LIQUIDO ULTRAMATE', 'ELENA 09', '606110955980'),
(44, 'LABIAL LIQUIDO ULTRAMATE', 'AGATA 20', '7709969180824'),
(45, 'RUBOR COMPACTO AME', 'SPRING 03', '7709514595721'),
(46, 'RUBOR COMPACTO AME', 'MYSTIC 06', '606110956529'),
(47, 'RUBOR COMPACTO AME', 'SUN 07', '606110956536'),
(48, 'RUBOR COMPACTO AME', 'PEACH 10', '606110956543'),
(49, 'POLVO FACIAL AME', 'TRANSLUCENT 01', '7709958250224'),
(50, 'POLVO FACIAL AME', 'PEARL 03', '7708304270787'),
(51, 'POLVO FACIAL AME', 'BRONCE 04', '7708304270794'),
(52, 'POMADA DE CEJAS AME', 'LIGHT BROWN 04', '7708304270824'),
(53, 'PLUMON DE OJOS', 'MIDNIGHT ', '7709784572552'),
(54, 'DELINEADOR LIQUIDO AME', 'BLACK 01', '7708304269712'),
(55, 'POMADA DE CEJAS AME', 'DARK BROWN 01', '7709503193822'),
(56, 'LABIAL LONG LASTING SEMIMATE AME', 'GIRL POWER', '7708304269613'),
(57, 'LABIAL LONG LASTING SEMIMATE AME', 'OH MY BERRY 05', '7708304269644'),
(58, 'LABIAL LIQUIDO ULTRAMATE AME', 'GLAM ROCK', '7708304270619'),
(59, 'LABIAL LIQUIDO ULTRAMATE AME', 'CAMBRIDGE 05', '7709784572538'),
(60, 'LABIAL LIQUIDO ULTRAMATE AME', 'ROSARIO 06', '606110955959'),
(61, 'LABIAL LIQUIDO ULTRAMATE AME', 'CLARISA 10', '606110955997'),
(62, 'LABIAL LIQUIDO ULTRAMATE AME', 'MIRANDA 17', '7709784572545'),
(63, 'SOMBRA 24 TONOS + PRIMER  RUBY ROSE', 'SPICY', '6295125029232'),
(64, 'SOMBRA 24 TONOS + PRIMER  RUBY ROSE', 'AMAZING', '6295125029263'),
(65, 'PALETA DIVA ATENEA', '', '6921497162375'),
(66, 'LABIAL USHAS 3D', 'LP1963-24B', 'LP1963-24B'),
(67, 'PESTAÑINA RUBY ROSE', 'NUDE', '6295125028105'),
(68, 'PESTAÑINA RUBY ROSE', 'ROSADA', '6295125012685'),
(69, 'PESTAÑINA RUBY ROSE', 'VINO TINTO', '6295125028129'),
(70, 'MINI TRIO DE CEJAS SAVAGE ATENEA', 'SAVAGE ', '781159031847'),
(71, 'BASE MATTE RUBY ROSE CEBRA GRUPO 1', 'L1', '6295125003379'),
(72, 'BASE MATTE RUBY ROSE CEBRA GRUPO 1', 'L2', '6295125003386'),
(73, 'BASE MATTE RUBY ROSE CEBRA GRUPO 2', 'L5', '6295125003416'),
(74, 'BASE MATTE RUBY ROSE CEBRA GRUPO 2', 'L15', '6295125003423'),
(75, 'BASE MATTE RUBY ROSE CEBRA GRUPO 2', 'L16', '6295125003430'),
(76, 'BASE MATTE RUBY ROSE CEBRA GRUPO 2', 'L17', '6295125003447'),
(77, 'BROCHA PARA RUBOR ATENEA', 'G1', '6925457868178'),
(78, 'BROCHA PARA RUBOR ATENEA', 'G3', '6925457868192'),
(79, 'BROCHAS CORAL MIIS', '', '6945648790040'),
(80, 'CORRECTOR RUBY ROSE', 'NUDE 1', '6295125031471'),
(81, 'CORRECTOR RUBY ROSE', 'L2', '6295125003263'),
(82, 'CORRECTOR RUBY ROSE', 'BEIGE 5', '6295125031518'),
(83, 'CORRECTOR RUBY ROSE', 'CHOCOLATE 1', '6295125031525'),
(84, 'CHEEK PLAY RUBY ROSE', '', '6295125020154'),
(85, 'POMO GOTA ', '', '6999546657653'),
(86, 'ILUMINADOR ATENEA ', '', '6921497162399'),
(87, 'BASE TRULY MATTE L.A COLORS', 'NUDE 353', '081555793531'),
(88, 'BASE TRULY MATTE L.A COLORS', 'NATURAL 352', '081555793524'),
(89, 'RUBOR INDIVIDUAL ATENEA ', '', '6921497162429'),
(90, 'MINI TRIO DE CEJAS SAVAGE ATENEA ', 'BLONDIE', '781159031823'),
(91, 'BASE SOFT MATTE RUBY ROSE', 'BEIGE 2', '6295125027818'),
(92, 'BASE SOFT MATTE RUBY ROSE', 'BEIGE 3', '6295125027825'),
(93, 'BASE SOFT MATTE RUBY ROSE', 'BEIGE 4', '6295125027832'),
(94, 'BASE SOFT MATTE RUBY ROSE', 'BEIGE 5 ', '6295125027849'),
(95, 'BASE SOFT MATTE RUBY ROSE', 'BEIGE 6', '6295125027856'),
(96, 'BASE SOFT MATTE RUBY ROSE', 'BEIGE 7 ', '6295125027863'),
(97, 'BASE SOFT MATTE RUBY ROSE', 'NUDE 4 ', '6295125027795'),
(98, 'BASE SOFT MATTE RUBY ROSE', 'NUDE 2 ', '6295125027771'),
(99, 'BASE SOFT MATTE RUBY ROSE', 'NUDE 3', '6295125027788'),
(100, 'BASE NATURAL LOOK RUBY ROSE', 'NUDE 1 ', '6295125027931'),
(101, 'BASE NATURAL LOOK RUBY ROSE', 'NUDE 2', '6295125027948'),
(102, 'BASE NATURAL LOOK RUBY ROSE', 'NUDE 3', '6295125027955'),
(103, 'BASE NATURAL LOOK RUBY ROSE', 'NUDE 4', '6295125027962'),
(104, 'BASE NATURAL LOOK RUBY ROSE', 'BEIGE 3', '6295125027993'),
(105, 'BASE NATURAL LOOK RUBY ROSE', 'BEIGE 4', '6295125028006'),
(106, 'BASE NATURAL LOOK RUBY ROSE', 'BEGIE 5 ', '6295125028013'),
(107, 'BASE NATURAL LOOK RUBY ROSE', 'BEIGE 6', '6295125028020'),
(108, 'BASE NATURAL LOOK RUBY ROSE', 'BEIGE 7 ', '6295125028037'),
(109, 'PESTAÑINA RUBY ROSE ', 'NEGRA', '6295125027306'),
(110, 'PESTAÑINA RUBY ROSE ', 'FUCCIA ', '6295125012647'),
(111, 'PESTAÑINA RUBY ROSE ', 'MORADA', '6295125012623'),
(112, 'RIZADOR ATENEA ', 'ENCRESPADOR ', '619098001761'),
(113, 'MASCARILLA TONY MOLY ', '', '8806194022895'),
(114, 'MASCARILLA TONY MOLY ', '', '8806194022826'),
(115, 'MASCARILLA TONY MOLY ', '', '8806194022833'),
(116, 'MASCARILLA TONY MOLY ', '', '8806194022819'),
(117, 'MASCARILLA TONY MOLY ', '', '8806194022864'),
(118, 'MASCARILLA TONY MOLY ', '', '8806194022871'),
(119, 'MASCARILLA TONY MOLY ', '', '8806194022857'),
(120, 'MASCARILLA TONY MOLY ', '', '8806194022888'),
(121, 'MASCARILLA TONY MOLY ', '', '8806194022901'),
(122, 'MASCARILLA TONY MOLY ', '', '8806194022840'),
(123, 'MASCARILLA TONY MOLY ', '', '8806194022802'),
(124, 'LABIAL LIQUIDO ULTRAMATE AME', 'DAKOTA', '7708304269668'),
(125, 'LABIAL LIQUIDO ULTRAMATE AME', 'VINTAGE', '7709503193815'),
(126, 'LABIAL LIQUIDO ULTRAMATE AME', 'LEILA', '7709829642370'),
(127, 'LABIAL LIQUIDO ULTRAMATE AME', 'ROSALI', '7709480334669'),
(128, 'POLVO FACIAL SUELTO AME', 'NATURAL 02', '7709784572590'),
(129, 'POMADA DE CEJAS AME ', 'GRAY BROWN', '7708304269705'),
(130, 'POMADA DE CEJAS AME ', 'MEDIUM BROWN', '7709958250217'),
(131, 'LABIAL BARRA AME ', 'PRETTY POP 03', '7709480334690'),
(132, 'PALETA DE SOMBRAS PARADISE', 'ATENEA', '781718835374'),
(133, 'PALETA DE SOMBRAS PARADISE', 'ATENEA', '781718835374'),
(134, 'PESTAÑINA TROPICO RUBY ROSE', 'AZUL ', '6295125039378'),
(135, 'PESTAÑINA TROPICO RUBY ROSE', 'MENTA', '6295125039354'),
(136, 'PESTAÑINA TROPICO RUBY ROSE', 'MENTA', '6295125039354'),
(137, 'PESTAÑINA TROPICO RUBY ROSE', 'SALMON ', '6295125039361'),
(138, 'PESTAÑINA TROPICO RUBY ROSE', 'SALMON ', '6295125039361'),
(139, 'PESTAÑINA TROPICO RUBY ROSE', 'ROSADA', '6295125039385'),
(140, 'PESTAÑINA TROPICO RUBY ROSE', 'MORADA', '6295125039408'),
(141, 'PESTAÑINA TROPICO RUBY ROSE', 'VERDE', '6295125039392'),
(142, 'AGUA DE ROSAS', 'BELGROWS', '7708998760472'),
(143, 'PALETA DE SOMBRAS ENGOL', 'CABALLO ', '6933494881258'),
(144, 'PALETA DE SOMBRAS ART DECO ', 'ATENEA', '6921497162351'),
(145, 'PALETA DE SOMBRAS NUDE ', 'MIK', '6936874206481'),
(146, 'TINTA ', 'USHAS', '6924372611081'),
(147, 'BROCHA PARA CEJAS ', 'RUBY FACE', '6972547650014'),
(148, 'TAPETE PARA LAVAR BROCHAS', '', '6938880000886'),
(149, 'PESTAÑAS ATENEA', '3D/30', '6999421533300'),
(150, 'PESTAÑAS ATENEA', '3D/56', '6999421533560'),
(151, 'PESTAÑAS ATENEA', '3D/41', '6999421533416'),
(152, 'PALETA DE SOMBRAS MIIS', 'PEACH', '6933495801552'),
(153, 'PALETA DE RUBORES MIIS', '02', '6924372690369'),
(154, 'BROCHA DIFUMINADORA MIIS', 'DIFUMINADORA', '045232754574'),
(155, 'PALETA DE SOMBRAS FEBBLE', 'ETERNAL CHARM', '6924372621516'),
(156, 'PALETA DE SOMBRAS MIIS', 'ROMA', '6956784100372'),
(157, 'PALETA DE SOMBRAS MIIS', 'TOKIO', '6956784100365'),
(158, 'PALETA DE SOMBRAS MIIS', 'MONTREAL', '6972489969588'),
(159, 'PALETA DE GLITTERS', 'BE A STAR', '6972513413018'),
(160, 'PESTAÑAS OHLALASH', '', '62368'),
(161, 'BRILLO MAGICO ', 'MAGIC', '001'),
(162, 'PRIMER MATIFICANTE', 'ENGOL', '6930249924239'),
(163, 'PESTAÑAS ENGOL ', 'JUEGO X3', '3523160138569'),
(164, 'BEAUTY BLENDER HUEVO ', 'TRENDY', '002'),
(165, 'BRILLO PALETA ', 'ENGOL ', '6930249919310'),
(166, 'LABIAL MATTE + DELINEADOR', 'TRENDY ', '003'),
(167, 'CORRECTOR LIQUIDO FEELS', 'CASTANHA 20', '6295125036346'),
(168, 'CORRECTOR LIQUIDO FEELS', 'AMENDOA 30', '6295125036353'),
(169, 'CORRECTOR LIQUIDO FEELS', 'CARAMELO ', '6295125036360'),
(170, 'PALETA DE BASE COMPACTA', 'DOLCE BELLA ', '7709360306588'),
(171, 'PALETA DE SOMBRAS LAX5', 'ATENEA', '6936876800939'),
(172, 'PEGANTE DE PESTAÑAS ', 'DUO', '073930680109'),
(173, 'CORRECTOR Y CONTORNO RUBY ROSE', 'CHANTILLY ', '6295125036032'),
(174, 'CORRECTOR Y CONTORNO RUBY ROSE', 'COCO QUEMADO', '6295125036056'),
(175, 'CORRECTOR Y CONTORNO RUBY ROSE', 'PUDIN', '6295125036049'),
(176, 'CORRECTOR Y CONTORNO RUBY ROSE', 'CASTANHA CACAO ', '6295125036063'),
(177, 'POLVO TRASLUCIDO FEELS', 'RUBY ROSE ', '6295125035578'),
(178, 'DELINEADOR DE OJOS ESCARCHADO', 'DOLCE BELLA ', '7708428736763'),
(179, 'AGUA DE ROSAS TRENDY', 'PEQUEÑA', '6971735769897'),
(180, 'AGUA DE ROSAS TRENDY', 'GRANDE ', '6971675769995'),
(181, 'TARRO PORTA BROCHAS', '', '004'),
(182, 'JABON FACIAL DOLCE BELLA', '', '005'),
(183, 'DESMAQUILLANTE DUO', 'BIOAQUA', '006'),
(184, 'ESPONJAS ENGOL ', '', '6930826030681'),
(185, 'PULPO FACIAL + BLENDER GENERICA', '', '6971230022275'),
(186, 'BROCHA DIFUMINADORA ', 'SAGUI', '007'),
(187, 'GLITTER SUELTO ', 'ENGOL ', '6930249924635'),
(188, 'KIT DE BROCHAS X 5', 'ENGOL', '6945648794628'),
(189, 'PALETA DE SOMBRAS PEQUEÑA ', 'ENGOL ', 'BZY107'),
(190, 'LABIAL MATTE LIQUIDO', 'ENGOL', '6933495800968');

-- --------------------------------------------------------

--
-- Estructura de tabla para la tabla `proveedores`
--

CREATE TABLE IF NOT EXISTS `proveedores` (
  `idProveedor` int(10) NOT NULL,
  `NombreProveedor` varchar(50) NOT NULL,
  `ApellidoProveedor` varchar(50) DEFAULT NULL,
  `CorreoProveedor` varchar(50) DEFAULT NULL,
  `CelularProveedor` varchar(11) DEFAULT NULL
) ENGINE=InnoDB DEFAULT CHARSET=utf8;

--
-- Volcado de datos para la tabla `proveedores`
--

INSERT INTO `proveedores` (`idProveedor`, `NombreProveedor`, `ApellidoProveedor`, `CorreoProveedor`, `CelularProveedor`) VALUES
(1, 'AME', '', '', '3023420236'),
(2, 'ENGOL', '', '', '3205801801'),
(3, 'ATENEA', '', '', '3174237938'),
(4, 'DESERT', '', '', '3172175300'),
(5, 'MIIS COSMETICS', '', '', ''),
(6, 'MAGNA COSMETICS', '', '', ''),
(123123123, 'Nicolas', 'Luna', 'nicolas@gmail.com', '311121212');

-- --------------------------------------------------------

--
-- Estructura de tabla para la tabla `ventas`
--

CREATE TABLE IF NOT EXISTS `ventas` (
  `idVentas` int(11) NOT NULL,
  `FechaVenta` date DEFAULT NULL,
  `MontoVenta` double DEFAULT NULL,
  `clientes_idclientes` int(11) NOT NULL,
  PRIMARY KEY (`idVentas`),
  KEY `fk_Ventas_clientes1_idx` (`clientes_idclientes`)
) ENGINE=InnoDB DEFAULT CHARSET=utf8;

--
-- Volcado de datos para la tabla `ventas`
--

INSERT INTO `ventas` (`idVentas`, `FechaVenta`, `MontoVenta`, `clientes_idclientes`) VALUES
(1, '2020-05-25', 734000, 1),
(2, '2020-05-25', 129000, 1),
(3, '2020-05-25', 54000, 1),
(4, '2020-05-25', 20000, 1),
(5, '2020-05-25', 62000, 1),
(6, '2020-05-25', 109000, 1),
(7, '2020-05-25', 123000, 1),
(8, '2020-05-25', 241000, 1),
(9, '2020-05-27', 48000, 1),
(10, '2020-05-27', 34000, 1),
(11, '2020-05-27', 38500, 1),
(12, '2020-05-29', 34000, 1),
(13, '2020-05-29', 45000, 1),
(14, '2020-05-29', 8000, 1),
(15, '2020-05-29', 65000, 1),
(16, '2020-05-30', 30000, 2),
(17, '2020-05-30', 50000, 3),
(18, '2020-05-31', 89000, 4),
(19, '2020-05-31', 16200, 1),
(20, '2020-06-01', 65000, 5),
(21, '2020-06-02', 41000, 1),
(22, '2020-06-02', 130500, 6),
(23, '2020-06-02', 55000, 7),
(24, '2020-06-04', 22000, 1),
(25, '2020-06-04', 18000, 8),
(26, '2020-06-04', 11000, 1),
(27, '2020-06-05', 75000, 1),
(28, '2020-06-06', 18000, 9),
(29, '2020-06-06', 7000, 10),
(30, '2020-06-06', 13000, 9),
(31, '2020-06-07', 18000, 11),
(32, '2020-06-08', 31000, 1),
(33, '2020-06-08', 12000, 1),
(34, '2020-06-08', 100000, 1),
(35, '2020-06-08', 12600, 1),
(36, '2020-06-09', 17000, 1),
(37, '2020-06-10', 34000, 13),
(38, '2020-06-10', 6000, 14),
(39, '2020-06-12', 32000, 15),
(40, '2020-06-12', 29000, 16),
(41, '2020-06-13', 36000, 17),
(42, '2020-06-13', 12000, 1),
(43, '2020-06-13', 31000, 1),
(44, '2020-06-13', 10000, 15),
(45, '2020-06-13', 136000, 18),
(46, '2020-06-13', 55000, 1),
(47, '2020-06-14', 8000, 16),
(48, '2020-06-14', 64000, 19),
(49, '2020-06-14', 37000, 20),
(50, '2020-06-15', 14000, 21),
(51, '2020-06-15', 12000, 22),
(52, '2020-06-15', 14000, 1),
(53, '2020-06-18', 109000, 50),
(54, '2020-06-20', 66000, 50),
(55, '2020-06-22', 20000, 1),
(56, '2020-06-24', 5000, 50),
(57, '2020-06-24', 25000, 51),
(58, '2020-06-24', 11000, 23),
(59, '2020-06-24', 95000, 50),
(60, '2020-06-24', 182000, 80),
(61, '2020-06-24', 9600, 52),
(62, '2020-06-26', 23000, 50),
(63, '2020-06-26', 4000, 18),
(64, '2020-06-28', 35000, 24),
(65, '2020-06-28', 40000, 50),
(66, '2020-06-28', 51000, 25),
(67, '2020-06-30', 41000, 1),
(68, '2020-07-01', 56000, 26),
(69, '2020-07-02', 15000, 50),
(70, '2020-07-02', 20000, 53),
(71, '2020-07-03', 14000, 50),
(72, '2020-07-03', 21000, 52),
(73, '2020-07-04', 14000, 53),
(74, '2020-07-04', 12000, 50),
(75, '2020-07-05', 58000, 52),
(76, '2020-07-06', 12000, 50),
(77, '2020-07-08', 29000, 50),
(78, '2020-07-08', 70000, 50),
(79, '2020-07-11', 37000, 50),
(80, '2020-07-11', 46000, 52),
(81, '2020-07-11', 40000, 50),
(82, '2020-07-12', 34000, 50),
(83, '2020-07-12', 8000, 53),
(84, '2020-07-13', 36000, 50),
(85, '2020-07-14', 205000, 27),
(86, '2020-07-14', 47900, 80),
(87, '2020-07-14', 48000, 52),
(88, '2020-07-17', 16000, 50),
(89, '2020-07-17', 15000, 53),
(90, '2020-07-17', 42000, 50),
(91, '2020-07-20', 82000, 52),
(92, '2020-07-21', 16000, 50),
(93, '2020-07-21', 32000, 52),
(94, '2020-07-21', 28000, 52),
(95, '2020-07-21', 20000, 80),
(96, '2020-07-21', 22900, 52),
(97, '2020-07-22', 26000, 50),
(98, '2020-07-23', 175000, 50),
(99, '2020-07-28', 424000, 1),
(100, '2020-07-30', 13500, 52),
(101, '2020-07-30', 108000, 28),
(102, '2020-07-30', 115000, 50),
(103, '2020-07-30', 25000, 29),
(104, '2020-07-31', 12000, 50),
(105, '2020-07-31', 19000, 52),
(106, '2020-07-31', 8800, 52),
(107, '2020-08-05', 14000, 50),
(108, '2020-08-06', 42000, 52),
(109, '2020-08-06', 130000, 50),
(110, '2020-08-14', 14000, 52),
(111, '2020-08-14', 30000, 51),
(112, '2020-08-14', 70000, 50),
(113, '2020-08-21', 36000, 52),
(114, '2020-08-25', 51000, 50),
(115, '2020-09-01', 8000, 52),
(116, '2020-09-01', 35000, 52),
(117, '2020-09-01', 240000, 52),
(118, '2020-09-06', 205000, 50),
(119, '2020-09-06', 15000, 50),
(120, '2020-09-12', 40000, 50),
(121, '2020-09-12', 107000, 50),
(122, '2021-04-17', 24000, 76323170);

--
-- Restricciones para tablas volcadas
--

--
-- Filtros para la tabla `detalleventas`
--
ALTER TABLE `detalleventas`
  ADD CONSTRAINT `fk_Ventas_has_Productos_Productos1` FOREIGN KEY (`Productos_idProductos`) REFERENCES `productos` (`idProductos`) ON DELETE NO ACTION ON UPDATE NO ACTION,
  ADD CONSTRAINT `fk_Ventas_has_Productos_Ventas1` FOREIGN KEY (`Ventas_idVentas`) REFERENCES `ventas` (`idVentas`) ON DELETE NO ACTION ON UPDATE NO ACTION;

--
-- Filtros para la tabla `facturas`
--
ALTER TABLE `facturas`
  ADD CONSTRAINT `fk_Facturas_clientes1` FOREIGN KEY (`clientes_idclientes`) REFERENCES `clientes` (`idclientes`) ON DELETE NO ACTION ON UPDATE NO ACTION,
  ADD CONSTRAINT `fk_Facturas_Ventas` FOREIGN KEY (`Ventas_idVentas`) REFERENCES `ventas` (`idVentas`) ON DELETE NO ACTION ON UPDATE NO ACTION;

--
-- Filtros para la tabla `ventas`
--
ALTER TABLE `ventas`
  ADD CONSTRAINT `fk_Ventas_clientes1` FOREIGN KEY (`clientes_idclientes`) REFERENCES `clientes` (`idclientes`) ON DELETE NO ACTION ON UPDATE NO ACTION;

/*!40101 SET CHARACTER_SET_CLIENT=@OLD_CHARACTER_SET_CLIENT */;
/*!40101 SET CHARACTER_SET_RESULTS=@OLD_CHARACTER_SET_RESULTS */;
/*!40101 SET COLLATION_CONNECTION=@OLD_COLLATION_CONNECTION */;
